Study Hours,Attendance,Pass
14.9816047538945,63.0852841867953,0
38.02857225639664,62.348939953599995,0
29.279757672456203,95.31272902605184,1
23.946339367881464,62.477309992475305,0
6.240745617697461,63.59748630643155,0
6.239780813448106,87.96991312089818,0
2.3233444867279784,72.486992122527,0
34.647045830997406,88.83552784775907,1
24.04460046972835,53.26830787821926,0
28.322903111841818,74.37855968366921,0
0.8233797718320979,51.680680009164135,0
38.79639408647977,53.13266017276773,0
33.29770563201687,95.32187266722055,1
8.493564427131046,56.96226855587976,0
7.272998688284025,76.62103411376086,0
7.336180394137353,70.55478013003533,0
12.169689718381509,67.36716631294213,0
20.990257265289515,94.99166728436361,1
17.27780074568463,51.091169838774476,0
11.649165607921677,83.18948430877946,0
24.47411578889518,98.16972171067752,1
5.579754426081673,78.0084091730921,0
11.685785941408726,96.84112310165459,0
14.654473731747668,52.612893964301186,0
18.24279936868144,70.93966595370807,0
31.407038455720546,63.007889548102554,0
7.986951286334389,86.54104824903649,0
20.569377536544465,99.06485452486234,1
23.6965827544817,62.82650312221239,0
1.858016508799909,82.70873007370372,0
24.301794076057533,59.904881637987,0
6.820964947491661,78.2665127285805,0
2.6020637194111806,73.19662433441681,0
37.95542149013333,98.60026648157685,1
38.625281322982374,80.42636363482333,1
32.33589392465844,67.47531860434094,0
12.184550766934827,55.704789244396665,0
3.906884560255355,57.56234143674673,0
27.369321060486275,61.26584649756175,0
17.606099749584054,62.5483330670149,0
4.881529393791153,92.5308028920569,0
19.807076404450807,78.06113941412625,1
1.3755408446087358,76.16954556871832,0
36.372816083151285,55.73844359346087,0
10.351199264000677,93.00698466747176,0
26.50089137415928,86.14071516042418,1
12.468443043576439,53.38341809500008,0
20.802720847112433,85.39175486148844,1
21.868411173731186,77.1769108671323,1
7.394178221021082,54.08626728733891,0
38.783385110582344,72.91503207643282,0
31.005312934444582,74.23481435650234,0
37.579957662567566,58.28872700816379,0
35.79309401710595,97.28490735001412,1
23.915999152443405,92.4987685740331,1
36.87496940092467,83.45111686645541,1
3.53970008207678,73.11477805003037,0
7.839314496765808,70.58827707922542,0
1.8090915564215226,82.5486733575477,0
13.013213230530575,77.27159347034527,0
15.547091587579281,53.11365529409428,0
10.853961270955836,75.62513243851659,0
33.14950036607718,90.32018086164197,1
14.270133067743572,72.96199387984791,0
11.23738038749523,52.59782887771342,0
21.70784332632994,89.31390996920166,1
5.636968998990506,60.06818910679872,0
32.08787923016159,62.93104174440194,0
2.982025747190833,58.235317671614794,0
39.47547746402069,66.51075324357488,0
30.889790771866295,87.83757528443175,1
7.948627261366896,75.96929297519686,0
0.22088468494409597,60.24406370753563,0
32.618457138193364,93.89150390760204,1
28.274293753904686,93.97909274757646,1
29.160286721639494,93.52892125230034,1
30.85081386743783,61.93981056907697,0
2.9617860693636144,72.56196720904941,0
14.338629141770905,99.24948280704376,0
4.634762381005189,88.60062381549952,0
34.52413703502374,51.35837106127799,0
24.931925073102317,53.2602295630246,0
13.235920994105967,73.19656884061664,0
2.5423340114409454,95.461010293078,0
12.439292868626488,76.93508989763572,0
13.007332881069882,74.89062540171452,0
29.18424713352256,55.27368499783153,0
25.502298854208526,82.8390052362147,1
35.48850970305306,91.10515803001127,1
18.888597006477973,69.02100037537812,0
4.783769837532068,88.78059254626638,0
28.5297914889198,98.22383269504058,1
30.431401944675898,60.188322956384454,0
22.45108790277985,76.16648155973706,1
30.83868719818244,64.35689790422877,0
19.75182385457563,89.64272095169197,1
20.909313175279763,78.87966829405788,1
17.101640734341984,81.72912087751519,1
1.0167650697638075,89.8957079807947,0
4.315657079732178,69.79852363312274,0
1.25716742746937,95.75450342035217,0
25.456416450551217,76.65144336230699,1
12.574239243053068,57.8977411417674,0
20.342827646588113,84.79495590844013,1
36.30265895704372,89.66306752191272,1
9.971689165954999,65.83808385337633,0
16.415316921425188,92.85896284993765,1
30.222045541721947,95.30716273828833,1
9.151926619664899,63.84522436889045,0
3.0791963931517197,99.1760736357611,0
11.590058116550722,57.03557640243792,0
6.448851490160177,60.1007834201245,0
37.18790609370292,59.21124196190131,0
32.32481518257668,94.69948550039352,1
25.33615026041694,82.7146276162481,1
34.85842360750871,57.60521416111364,0
32.14688307596458,72.01617091841744,0
7.4628023554414336,80.76490125349011,0
35.70235993959911,54.173204249469165,0
21.573689676626028,94.12081842036693,1
32.2976062065625,90.18017677207675,1
35.84365199693973,75.26033867883191,1
12.720138998874555,98.35633076295852,0
4.40207698110707,70.88804896375498,0
9.117406501677667,99.20551595182489,0
17.08431154505025,83.39599994018135,1
32.72059063689972,81.73356366269707,1
34.429223330253734,58.29774476478925,0
0.27808522124762813,94.0963879152322,0
20.42989210310263,71.37448439603077,0
16.69644012595116,58.111670289123964,0
8.88431241882921,50.630375998787954,0
4.794614693347312,77.98778418191912,0
13.504606856145118,76.36998110613382,0
37.71638815650077,85.96768111845793,1
12.92811728083021,94.51290265089011,0
20.751624869734645,53.97032923215148,0
28.120758355807112,86.57482451701811,1
14.54518409517176,59.37059720487911,0
38.87128330883843,92.9088526578582,1
38.497891797684446,90.95317569308281,1
10.071291833014566,77.03968774927722,0
19.88994023569542,85.51213993116558,1
12.035132392670786,65.71750565918742,0
11.393619775098704,73.55839494664073,0
1.4754778941813118,91.08184488552358,0
24.382573359195874,72.96325985866069,0
20.10716092915446,67.88991326627209,0
2.059150049999574,74.710622362515,0
11.145858569464458,91.41246262186093,0
36.33063543866615,66.76040236854364,0
9.582475626678896,58.68807965678719,0
5.795794883648924,85.60070101653903,0
19.57811041110252,91.2989106354041,1
39.42601816442403,55.031873926176665,0
9.682210860460017,61.993705637797234,0
26.885421896235144,57.09859948804969,0
30.4647846131487,67.39707057910833,0
9.505501759695987,72.51754894527063,0
29.128653944474383,87.44131684816531,1
14.711325308770128,82.5573792440837,0
25.292233223743178,81.04642837392156,1
25.34118843043579,67.61874733048272,0
21.43098736299034,92.072377654238,1
3.611590802176332,73.56435836990823,0
33.41209982356952,98.95524690075773,1
12.831202598869433,81.70710691478683,0
7.460740415994169,56.313237078225136,0
1.6310056621905566,83.80887810377169,0
23.635717727529673,66.25520077158495,0
27.1025744736913,84.31635983430488,1
0.6635131571142461,53.48205740812028,0
20.48372233197124,58.744071858797966,0
9.059831007917518,92.78686294528931,0
25.806911616377995,61.358977851175744,0
6.974657160199658,91.852056262147,0
27.63750952409864,63.96380442272052,0
15.469413852021496,82.14409550293539,1
37.46919954946938,84.70752867549155,1
5.50083776583973,75.63273765725265,0
13.64265404201034,65.26553383483656,0
4.538940849623563,60.632218818554804,0
36.98774473114251,51.659467728121314,0
35.09357413523924,65.1973200620362,0
10.317665108606224,82.65813952656416,0
26.39936184136716,96.91524092242413,1
32.688888008048636,93.5602241131526,1
22.208032463978494,88.30323882676512,1
21.18602313424026,89.42236716266493,1
9.674091636018067,83.24924517379976,0
3.7241107122359685,63.01434287830015,0
35.88863031813307,95.3597515352915,1
36.016722286533216,83.53661559529169,1
25.32405829093072,78.02203154902199,1
13.561191641948028,55.54947346067405,0
13.968382984506436,72.35277719032126,0
29.038227154809576,73.01791356009632,0
35.884410398103086,93.2281804761335,1
35.48345697060469,77.33241100938943,1
31.195021834304953,69.02002744852048,0
25.68126584617151,98.84001642553297,1
3.3655985998019533,55.536029666315784,0
6.465148563784551,71.12742141559723,0
35.94216754108317,52.10123375857027,0
24.257162386383598,86.99520603834651,1
0.3678820646651859,95.90382760995753,0
4.058861714641284,64.00186647752447,0
26.54007076432223,92.91708383995604,1
0.20246335384874747,64.61091152309488,0
6.432322056699946,95.53850808219576,0
21.949351574663446,87.6980951798392,1
27.67580790770773,90.24533884207193,1
26.078450380104023,50.90032778002273,0
8.970772378422392,98.1405178537013,0
28.487168853901434,86.33354960351616,1
9.489963499872003,65.23755476930667,0
13.015987926370709,91.46973324294234,0
29.859656204720967,64.0760599207465,0
25.98531596188859,93.6376919783064,1
33.96893641976712,55.62901952059685,0
26.304515692013734,85.18429887303978,1
22.732344133418863,77.03492383224551,1
3.746990713123699,54.82672350977204,0
14.708632122377342,62.09469141294195,0
10.608094707269018,50.62020181386574,0
9.759585735163343,73.43839827322529,0
38.920422190097824,65.06326303800002,0
15.723908986670416,79.91787421488795,1
35.681862207084535,64.86189038543085,0
25.245545039890516,64.99595557534923,0
31.792452141665937,87.15965993658017,1
20.105483724207684,52.40714179891767,0
23.076155385054363,95.14474975959936,1
19.700707752754557,92.61319371955906,1
7.80971951192178,83.39023416132034,0
28.898084610460213,79.66107850536922,1
11.230894497634232,94.61512490698262,0
0.9726386572581536,59.26650897643572,0
25.818891836286713,53.948458109541434,0
7.084427176281958,61.9755084954769,0
37.61834337411657,89.72891393500952,1
38.157143080103495,51.733513336324165,0
36.59457560881794,79.14034175417449,1
14.806348010217775,99.7718758095655,0
0.6182646611546971,92.78480469187697,0
37.132742503509014,76.07228445217947,1
17.127365932692573,53.18204546433212,0
38.666192761746785,91.5686757192855,1
38.54479908357011,79.94892540886053,1
34.120378218694405,55.746649852978344,0
11.777955682783428,54.69286424116781,0
15.40390914407701,95.48134097182961,1
34.045466860674274,83.46001314690392,1
12.676880206251106,91.46433996583778,0
6.7797098674436995,93.94894501411336,0
22.272050498334007,78.58861760241611,1
37.44619096643124,75.87231758775206,1
27.84119186699892,71.5213705160495,0
22.802446803574597,65.84732938955597,0
3.8870597508307414,71.72979804293558,0
24.60028906796679,88.69398278650782,1
39.60215400417053,80.09617155075658,1
5.603360609460961,94.62616449774231,0
20.73318609454947,72.16900071895938,0
35.094922877118215,80.35447893593769,1
29.630744710168177,81.56537765459944,1
27.88062963981072,79.58485811531628,1
28.09936335948437,85.13168865427582,1
14.379646048790207,61.871673418740315,0
11.743673770579734,75.61818887728953,0
32.374446219140545,55.21124014041738,0
32.404535787167234,69.22556638224063,0
34.68289274320415,74.38335343106323,0
36.529622102258855,82.61121297727362,1
20.453695954437514,97.52655262931017,1
20.060651787487984,80.03255332741779,1
31.931807158671006,87.17969580882799,1
25.998557231110606,75.31330297476013,1
28.078675090308135,81.70520156881656,1
31.83170677744404,53.54661080668867,0
35.60021367270265,62.71957904209235,0
13.519806274061432,68.09265466025693,0
15.02331810559776,73.62466775032567,0
3.75927759363476,52.282437275119186,0
23.13120563984696,57.001204877665884,0
1.4376909518696834,63.84071538956529,0
18.623920725298404,98.57663454505254,1
21.705785388303063,66.56735035515254,0
11.461650085131376,74.10205290560413,0
23.63333042276043,59.80488563691965,0
1.2200099975619771,80.5390035537884,0
1.4939275499685767,64.03416077579871,0
32.904022426386334,60.34962892192134,0
14.407625656450517,75.82863142229895,0
5.082420506075391,50.27528995802104,0
20.889730402192175,50.383201632461265,0
30.799742123944434,60.95344045509289,0
8.632841099873726,51.83606812504106,0
24.91561903276001,55.40128770653457,0
3.41389859975072,66.94303246693758,0
2.067268846744308,90.12928397899064,0
21.25418526272592,78.60243216846504,1
21.62540486440426,75.63338629782082,1
25.497196059928264,64.67444116040608,0
29.04365334890646,96.58768597164081,1
39.03408317850138,69.85075206185958,0
20.65201393204781,54.35463833978857,0
12.918258917649839,80.85332580589007,0
31.807447790748146,55.69191967383007,0
10.833290050482969,67.2611571400846,0
17.558856828225444,75.37059693589045,1
3.1382552536906383,93.71112623425878,0
1.0140297366183004,74.67732901700593,0
38.505936587117006,85.11293830158321,1
33.439204820488236,99.64084194995351,1
27.83896824374792,56.57445599489908,0
16.358117776570793,63.73657627597598,0
6.931772802833831,69.72880377988233,0
6.257481706843442,71.09140892694157,0
10.009715926583812,70.55105376327728,0
21.969066588244818,95.38055012782775,1
28.583836908002493,85.70163222334281,1
26.40789506870925,80.39526070453519,1
11.197355877837714,65.46863589313911,0
38.19461122652776,91.18951921106473,1
29.51587666783074,97.75302557424945,1
22.174162100456027,91.05991412751132,1
24.46882984937409,50.078255259573645,0
16.784002497111597,81.82006850917035,1
9.909239580046298,52.556769072105034,0
14.238907146050463,62.880361016686095,0
30.313844418574764,52.97623501738858,0
0.5757395451902347,80.18977264746938,0
4.642905620276649,84.32949567463034,0
1.84010568087011,55.72438190329525,0
1.6291520927588055,69.19194415224898,0
34.21842336044029,72.8118254477771,0
28.146314375200948,68.45265108804583,0
18.96695316349301,56.05125002425965,0
3.913366426040059,70.94738950937378,0
19.664635004673293,87.55890239042091,1
18.938870831222626,53.550383226662774,0
6.928074796400607,54.00900070409517,0
17.35406596951892,67.73856459179922,0
15.940189375894938,97.08628558094625,1
24.63400392208866,83.42863233614571,1
25.40374603470575,83.93349783362824,1
1.8121603908817807,68.09599954189325,0
14.984504585058849,79.68303956042692,0
25.034396628569453,50.50655920138717,0
20.125450343203507,81.80480232047711,1
34.25959364753289,95.66434737881184,1
26.3477452647578,80.62867341724096,1
6.517377083257188,93.68492967331724,0
2.8227498960171937,86.19865277330469,0
25.696771128252625,56.02792082018451,0
1.0604524216648725,95.12266536429209,0
23.43102325093853,53.322192217788746,0
37.6092096569983,76.6983736273882,1
23.01896711503516,57.10685618967288,0
15.526797048260876,50.5853305365452,0
25.731528737694127,71.10171300638194,0
18.330115619660667,64.75203538270782,0
21.8246715726374,74.30002468988015,0
37.658592351061,78.85999433672754,1
15.44410551203097,52.186953615447365,0
38.44762255295657,56.15016475618728,0
36.21402567824255,77.93211982252127,1
7.831645391571858,67.15836765863291,0
2.774452035006618,86.45867437747239,0
4.031120055097066,82.614582429597,0
0.7288730260619891,92.28021814949534,0
3.777718430237136,84.62464133346126,0
27.320270936654275,71.49655386950741,0
2.8475459384091595,83.64833111972162,0
12.759025211750451,63.76905871277093,0
33.79501243877818,65.31567493891063,0
0.9308774294330346,89.44925799603966,0
32.578739303557434,72.32097582007911,0
11.274190990935997,89.91901702591763,0
4.72659310486625,91.12111868341393,0
27.869486614566025,92.8781168830642,1
25.15771387119536,95.83176179206036,1
35.09888054108212,71.5492610256648,0
29.40284175215543,65.94334091605694,0
32.13923721539394,79.1099373297057,1
11.28138290285226,68.55862117188138,0
7.097581751188913,80.05370834001165,0
30.024590065634335,85.27929313219123,1
32.27338957069056,84.42025092460685,1
39.620205680026935,68.72764435100606,0
16.50470707645706,58.34301008493764,0
14.880723431711328,71.52646692311038,0
31.056518429679873,57.12970720409544,0
13.632141610120714,94.50485175919042,0
37.23029302414259,67.29387303689288,0
34.336510073720476,57.72298736116619,0
17.159761095000732,51.272387995287545,0
30.034842711659895,82.29111931432422,1
30.181714963387293,81.84511587273715,1
4.124954753437304,67.03020832906458,0
36.102116267182666,53.58559444238255,0
20.210094897914285,70.4814447447616,0
33.058298644309666,65.56087475316968,0
12.80198404122447,83.85603198675047,0
35.82092913984802,80.28896247263452,1
15.568067149366524,68.229686409877,0
0.4335060592119344,60.894627712749504,0
36.21527905677055,99.40179830777959,1
3.6514670714453423,72.70008105980574,0
12.772545503616595,84.41371178901186,0
38.0024786820322,57.02764837891804,0
38.024285877502244,74.27948498296989,0
22.937515524931445,51.37683599347327,0
25.27348848679197,75.2727558955225,1
17.93782087913279,98.20087035588512,1
11.728430867922581,69.21033564929002,0
13.146581814796638,51.94980062874558,0
26.900738243081538,51.54778954596718,0
30.0949811775072,69.39933799734348,0
31.66316174903394,58.001246823159704,0
31.584725711782156,51.167604816409295,0
3.6482441219476147,87.81068069750884,0
19.776812188103257,72.92615044409453,0
2.3023504006657713,64.46223859863272,0
21.98115529294942,95.00415915082404,1
17.66122005493508,55.80694801002628,0
35.50816731033199,97.79594144776595,1
14.036600502083147,65.69833586886764,0
4.6826806571042345,94.42018361543407,0
5.719667282113434,80.14714382397308,0
30.46042526869889,91.33536798707436,1
24.728722532650444,99.2006581605232,1
4.04490704491161,64.42027189093729,0
3.3642722445998974,98.05677427037965,0
28.038765258364798,69.47409474512102,0
2.910520254567741,69.27559523684612,0
32.87440237161425,67.01935521272529,0
28.24968908625985,77.07038036737926,1
3.2539512256759906,57.707252158924355,0
3.3935085634076767,77.68557426790056,0
39.465583140047016,77.0852406205002,1
14.970831830244812,88.0950906302435,0
14.825685882675636,91.68249809687927,0
32.5119826903001,72.0220675156212,0
37.88994309535435,65.11666246757468,0
39.44004255291483,62.96674486585472,0
30.135127410357665,59.73119183524359,0
15.050383421236631,52.882379109951245,0
3.3400286679467506,67.12239894173567,0
31.08587663709747,63.512384606539165,0
22.3361699894322,98.32086929332037,1
16.968880369879052,77.8854413125022,1
36.25417540378944,67.36385195152538,0
4.447899292246054,79.0233800496848,0
19.705004171634364,56.95983506728477,0
0.45414579069676275,72.20218746011014,0
18.74642567976505,81.31171607105318,1
2.252131027273494,74.44489158962257,0
4.752716650722877,70.08894003271621,0
4.701049871084195,99.6924194449849,0
25.968412084642544,94.01573810744635,1
29.841795170616933,81.17029790797201,1
23.334750603886384,78.46886805911414,1
38.486901938981674,81.0330239912292,1
14.994823180948163,60.065605391121665,0
11.42848345127443,69.75688716321594,0
34.74396512757841,51.972976644544964,0
8.943833540778105,73.77730187434133,0
38.52890157762445,77.15122919788315,1
0.48617898759265366,61.38748680516048,0
38.79515306830556,98.20144235827568,1
1.7263964780230445,95.4727305468621,0
35.645724547922846,86.1071617727953,1
21.108044363451995,76.66933143826813,1
39.718591844772014,93.49845798238425,1
2.9518625894159545,56.532617191173145,0
22.15417137605283,89.52548971374425,1
38.77210142476396,56.24104069834242,0
20.923913766805953,89.71053312747027,1
25.1759455254105,63.78837841256785,0
27.829947559384685,93.85452905090945,1
18.18164259071093,97.2021046912699,1
25.102323203362538,57.43979847025578,0
23.37257247692401,73.13378025326968,0
36.04632041963956,99.04936890813426,1
1.8178552136583148,74.17037179865733,0
11.238527583689212,93.17737612572725,0
38.01645936306235,79.436576106566,1
35.61055135563665,68.76649539598009,0
18.22627011142852,64.28917777629351,0
24.80530391206147,60.16115455430436,0
11.095247319245306,88.08990956888486,0
7.524846388950452,69.3270253411514,0
18.547936197599284,75.56377311003756,1
14.134089121042113,74.6162740000591,0
23.346244474034883,78.86395146165657,1
3.1093854785993935,93.2788572812276,0
38.97579230664666,99.03696717917147,1
39.44842977918412,70.37921042869084,0
27.926468560789807,91.37594610531515,1
21.443854653764816,88.22638973273588,1
12.38110465145311,78.67644757277867,0
32.551800788277944,97.80235718059666,1
27.389246902155172,60.023725776420136,0
6.504677573795652,55.46321051548107,0
36.4370873797537,92.69809834777111,1
32.90148971692676,71.95749083168741,0
37.99199653167696,92.34844271035303,1
29.0287803355344,94.65451025977075,1
24.536607837431596,53.122879680953574,0
16.729721451624755,94.17323814930303,1
37.309139334160534,72.4159527684711,0
34.642555580016335,75.52162445021162,1
1.8087468042475763,81.32962555466051,0
1.0546789798900802,96.31913033650434,0
15.058534675121983,50.9558047214882,0
32.422133231273314,73.84217341589085,0
39.49104517259778,84.38610212152804,1
6.016675644141127,86.13534788491143,0
23.765228614085405,84.6266215768554,1
15.235634265240861,56.72175647040609,0
38.79657591258413,64.96977941858407,0
33.684756925428346,67.93577627085068,0
33.533148188445516,90.22186038397524,1
18.74772639179881,63.93799362072765,0
16.592780093506608,60.53524819336016,0
10.93628287722825,97.87240095190481,0
2.2550198660370846,50.443164255673445,0
34.588895050202126,99.89104278409891,1
32.516040365203104,83.84106494286978,1
39.98870693144522,91.42346497245586,1
39.86547348295622,64.73096981730966,0
22.217268224105098,50.715763883353,0
30.75949660722042,86.8934759280765,1
37.79062919529712,91.7072298500338,1
33.98589562709646,87.02380659767596,1
9.893924069727905,57.14251436504193,0
18.02176541240374,87.67139611284846,1
5.166376606059799,88.44613910538206,0
38.16204109034889,82.92702578350274,1
24.246985378035202,88.30579663977932,1
9.14571222013851,92.2960719838866,0
26.86802737623427,80.68020571187293,1
24.725129618315833,54.430235698483955,0
14.326508721313619,74.38139048336055,0
4.542303687985161,53.88246673358025,0
26.862927823711985,70.37715155162154,0
20.812308036151734,70.35532445628138,0
30.892735669425573,53.30049220701208,0
20.806540044479735,67.44102669847396,0
34.0872600127416,55.54990493956574,0
22.076273550979423,90.4117605004611,1
22.43751886141545,97.38440129822354,1
35.0661441063338,53.61582376289693,0
16.139314648495883,97.75576036458507,1
5.360609138025629,76.12882996683726,0
1.151307052533559,64.9782838976937,0
30.20549022694476,53.84310376380817,0
24.812382054138588,75.0312134035209,1
28.163190723968942,89.72577722453744,1
8.518566460356428,85.35432386333491,0
5.4548590234707905,52.51130057319869,0
0.5817866267152771,53.645091768395176,0
14.023502352263879,70.14366413163185,0
23.596707474185322,64.76452470239717,0
15.689761803989292,61.619216152802395,0
17.498996880949164,64.05022494543567,0
36.166347779749934,90.17413716484424,1
13.930218680932015,96.46140268159269,0
20.559579566392433,70.25513472637832,0
31.346120509645722,95.30555010662485,1
15.861711292850806,66.0747850623941,0
24.88346800911494,73.82184931718959,0
34.49454834986981,61.30144989079999,0
37.98082494630569,82.0238021087922,1
5.8829392371615175,98.94905575874044,0
37.06350500645978,80.17465480216893,1
19.684651723181528,67.89070420567745,0
10.329775531958333,82.39087229952642,0
18.36543024953045,56.14603392326938,0
39.201303011419085,94.43295401326993,1
19.704723759714785,75.15419753899181,1
13.150064411500328,72.4674871019821,0
25.33603417266903,79.29323942267595,1
9.605824751127724,81.23919313947013,0
3.0345331243465568,53.58879031132565,0
5.155188876425969,84.13086106117012,0
5.121833558310898,62.09658401577648,0
6.076107740491774,85.69763162532949,0
5.553086905976405,91.12673971920984,0
25.634989792128586,90.197925377626,1
7.275203375965793,77.62504837039445,0
13.826691332954528,76.00849461553756,0
35.87153639624047,57.14379806697059,0
18.958465610514892,88.76730752015678,1
26.702309540841085,63.570469022335715,0
6.8927948480651935,74.83477114089733,0
7.691560752346831,64.21370464637583,0
1.6347446506591545,56.691418149984656,0
6.757402522886582,81.47788484458682,0
11.143613561278345,52.71660174114519,0
7.080419371069873,87.43226170631,0
3.5481013502822245,65.87933976305584,0
4.825434844024032,50.00673465022427,0
18.43115072130903,75.55645696186149,1
8.2533487362317,52.34259542638016,0
14.570794441923018,63.80847789104497,0
20.136690834194276,85.3488243727858,1
27.615793145174614,53.13448108109329,0
1.5724855936439575,91.96692461780012,0
31.976415956361706,50.19099613292916,0
25.11601557963631,62.34119346009511,0
3.2703612779548763,87.04520280760357,0
34.94314496427109,65.81350748646534,0
36.83489602127253,55.094619403300676,0
2.44311839419455,68.0116959400214,0
11.075105925888149,63.51966431922628,0
32.24805119172245,92.13559510802774,1
29.930387615346334,65.66739587925716,0
7.380840774255093,89.44662358880036,0
8.373972933468412,94.59360724053673,0
14.81888411165528,71.69087097882648,0
19.380919407640853,95.4971571927196,1
24.730190861211838,68.86590269815964,0
14.756545582790896,98.20392082450542,0
18.501388645325918,54.46447622627865,0
29.89883752535026,84.35096332516213,1
1.467328115623916,74.69070202284644,0
10.09747777376083,69.38244027278236,0
28.533983435382098,81.63559393743004,1
35.808273507487975,85.19285458171656,1
20.467097684626644,50.21816348251546,0
21.284539410612627,58.347654437359935,0
4.286880453591042,85.65230253171593,0
17.896494672938186,83.31927067891033,1
21.304690658200926,98.30237525643386,1
9.698820145389186,88.05188951253915,0
10.769729237975238,97.53863538656691,0
15.091366524184906,85.12702507674035,1
0.8028479111090547,64.90261043197216,0
12.883166623327131,55.268246112542826,0
8.457920279861785,89.09119316724679,0
13.099894087116585,82.2074610737958,0
4.790485272770049,52.40930061966481,0
35.6210912295958,68.00252329504892,0
23.743698142161946,97.8399907742143,1
27.164092765779586,75.02005728551006,1
31.566849544293532,71.63645680098523,0
19.93768795716229,72.8849802579647,0
3.4768115234969477,60.444136200258185,0
21.484261672741912,68.43535854323976,0
23.473644720835164,68.49066279935883,0
29.8175789673732,52.61775100937362,0
17.266381849187177,88.37838142589591,1
5.10321211182255,70.82522159519395,0
11.351036231948978,91.10899434082117,0
14.523291855945404,92.51740005599477,0
25.83668965326405,60.599702734932904,0
22.831132186756477,82.86767410850644,1
14.24386903591385,73.6140902081491,0
39.460609951719185,94.00783689607425,1
24.230992774275485,60.787033958822704,0
9.48907166943978,83.89066001550222,0
4.07129890481615,80.38760611263612,0
6.114365567373281,64.76507387859164,0
9.838309135380324,56.83004518255863,0
6.427254930382227,82.58198802386383,0
7.4626809620522305,86.92987290661654,0
11.403806747753883,65.78136718816751,0
6.934943811790193,82.2416302011157,0
35.870616985057005,69.75654538057516,0
3.2093498264656883,85.66034416413089,0
20.980455582810187,59.96076374470265,0
16.41587307958646,94.51075013180872,1
39.29514467634426,64.37047982327898,0
4.481556086722094,68.38929938780765,0
15.914223961829666,52.90459760401749,0
38.77881733101476,55.57561061606382,0
34.62028503575921,75.7930951356164,1
32.6828828379712,63.379633836398575,0
10.316113081797592,91.77401128710972,0
6.835503495602633,50.734669432747694,0
26.74572879697724,68.95470243359681,0
37.17503956510343,66.86727733845464,0
22.270515720557192,50.966381545880054,0
22.864507578795994,56.21841995002551,0
11.199163746411367,70.68213374593176,0
30.779717327677474,74.64322922237233,0
7.481749942300935,70.21448736274345,0
12.947169456169746,76.5468839206047,0
17.017457544656672,79.75658374528408,1
20.3044151473782,50.49619105639178,0
9.69638929660321,73.2047579726752,0
4.593472989568141,98.17496204437941,0
24.424801697665302,75.95161400647743,1
11.54522212961023,83.87711337294766,0
23.24952885690449,65.59319289584415,0
6.1745086109680924,88.69956890763812,0
19.2456040741927,88.64607409380575,1
21.303577302063434,76.06480238270694,1
2.0729414728970763,98.80069116396068,0
13.464171127756824,56.27751073813267,0
5.37658707755897,50.84738324447905,0
2.5349988189107098,88.50791058785481,0
39.59840929559781,90.35777686824413,1
12.894153798988919,56.01036145602881,0
32.3949778341854,63.2791416479303,0
10.185626190550554,50.877618168331445,0
27.26010888895717,64.66543053902824,0
30.409114395587462,88.65709369593358,1
23.825549624313773,75.89802638562895,1
18.863047542006335,67.40477965841441,0
16.473636565890743,68.58696474531652,0
13.954730661719811,50.06768128577341,0
37.18116576991304,64.9900263782618,0
33.22477631150917,82.32293708189653,1
38.601076426660505,98.70972219081786,1
4.971888939421789,92.35304134919497,0
29.23469900814577,51.17974823227646,0
37.533618272841515,94.92803023374196,1
7.249322646626406,89.15992066493129,0
2.6598506946711,89.01880617854903,0
29.644825971602362,72.89978795017858,0
22.978924527196476,69.90026464772514,0
33.67315107033088,65.14578644165962,0
5.59089506505158,53.284742947718286,0
31.81069247439561,61.41176817468495,0
8.065092801909781,62.33018174890123,0
6.54623771462818,74.20385348551008,0
6.570631917239718,87.3722203298347,0
32.58298880925528,73.69049141989733,0
26.607888827848004,52.89222247235803,0
20.922616990764773,97.8894900494102,1
14.353219364940099,97.13621595470562,0
35.08802163252433,89.25947715742042,1
15.697804296905415,99.56639507821103,1
32.66397757886308,77.22411664001315,1
17.565396342808736,98.13841751266031,1
15.077777176996303,53.78025203083754,0
18.507191426784257,68.28403741306857,0
12.055114966565682,61.26906340033829,0
29.904375207050045,59.7916542067135,0
20.108815603699167,57.0401474446338,0
9.288507805872692,81.12068207829984,0
35.982982930982736,89.06609278736525,1
15.355648854928457,78.91491997101804,1
21.742114444559544,57.34813547941049,0
36.25888443858188,90.55618849667354,1
24.969519836559684,81.79773535818643,1
4.675921628334563,69.40828530634977,0
37.59328494453901,83.70651477680315,1
25.108322122856713,62.995248962141645,0
13.396224586283445,67.25961042471053,0
5.57088290653549,95.87429215659951,0
31.761007570811838,64.52522528357102,0
24.80291023714054,73.49941340789684,0
21.33844367905286,94.50705686980073,1
35.75570332203831,85.38606751337637,1
31.543888448981228,53.110161308235135,0
6.066995189310047,57.36515221394852,0
12.46888271182193,50.392079538595844,0
9.93956559257863,81.54608951145818,0
29.75785170290708,72.38367127052092,0
1.3412973894311753,56.713742545113774,0
22.79558739485266,97.89670605283852,1
30.49834742962762,76.482986197281,1
35.07062547046998,62.09466470564446,0
13.683269948636298,75.03017855773538,0
32.850292186880516,83.98101663675538,1
4.425269478208289,53.81196089867822,0
33.85809166938073,63.7351907523946,0
5.099546493279297,90.34827454419968,0
15.89149162241469,72.98324352013306,0
31.891814631182143,77.32885710161474,1
5.996697093950951,71.64080011047346,0
9.170055809305659,52.194997132150256,0
28.89010273572265,58.2874889910078,0
28.801461461842976,72.27708193709455,0
25.64590531541189,60.459273270396395,0
27.757937778684003,52.49895143298394,0
21.708977733903847,92.18248320259119,1
10.07196235627811,99.0596264582058,0
13.827839740156778,89.65714369983698,0
7.263908672057027,92.68924608523335,0
36.33802245334513,62.09885651585227,0
23.335671790644817,98.03134877565998,1
16.034056670545596,59.84628522267142,0
18.480232145765306,97.57149051809162,1
37.89133358447261,99.74096469829755,1
6.134056124643208,85.58614028730244,0
23.44919328067189,99.0571865895911,1
20.23554715537864,78.47698897835518,1
24.458169417385914,62.97708915880452,0
0.7244073528336203,71.84979428328104,0
34.88495635776606,79.6780467689393,1
37.28473129934449,53.65407810135075,0
22.60532734356836,81.1171632308623,1
27.86603295507569,99.05889183811473,1
36.89997524709183,59.50538248918638,0
28.289545372535944,89.62975581441916,1
6.101561716570454,95.39493968898097,0
23.051534406672527,97.18507964101104,1
24.268601855314238,98.00678022027236,1
16.96522685209544,76.0729819360736,1
29.457769424988914,98.86539539957519,1
37.37468059076059,87.86551035672194,1
37.02274051627106,58.083571811848095,0
18.033574856165284,73.8450053233985,0
4.52952183363021,85.9165587686002,0
39.39364795849338,62.36701579095417,0
33.555923457837366,82.03075917744437,1
4.986507248130674,83.33002395233096,0
36.83367530469489,58.13498719042829,0
34.79585448248513,78.25426562263782,1
20.753522285042884,88.58134554893039,1
23.65101742979717,74.9447832267971,0
15.96010815480521,50.60515583880537,0
2.1904655528812533,50.45192345396461,0
13.407889665836038,67.85146719850061,0
32.114137943920454,96.30970342158909,1
0.18528092018411435,61.43383898018044,0
13.339966867645767,81.71818444358436,0
15.926747743637733,61.103793534666025,0
21.495824117516914,66.08349948297743,0
36.79422465651042,92.4021044800742,1
13.85383977463845,86.44307211349735,0
13.878128075849109,54.76996386566053,0
29.500049924389934,71.43510104932167,0
18.088717635592285,51.458488182263224,0
8.984192917599279,74.04450733015045,0
18.097580645307737,83.1217005850534,1
5.634280815191994,55.92513117990758,0
7.055479460248932,64.44424694545829,0
19.934710909579188,69.89183127510785,0
16.757017980181917,95.97655123280248,1
36.593836042724,99.66275077114821,1
14.495755964665324,52.24556494978079,0
23.22353401112174,88.0503961747696,1
25.290571516781213,68.58620332011716,0
0.5237782635333454,69.622909311474,0
26.541494880668424,87.71324866735114,1
7.121438674790057,95.92132160727044,0
38.442812698778205,97.54642972512741,1
5.946509110124518,78.85612930191604,0
16.58496494908095,67.85605796502514,0
3.4139867231457544,89.37745429293896,0
39.87497007383789,62.55006916311501,0
20.087800413249703,78.20370144167589,1
23.815400692801752,67.92892307624366,0
2.683059095537099,82.8315536853938,0
29.998418815967113,62.019945644675346,0
8.39622372382343,59.57964728674129,0
35.922171577628546,95.91195433377186,1
8.205585619280287,55.09018414747685,0
7.627508826546663,75.29789538674657,0
1.4619867139237952,61.04263914815044,0
18.882677804399968,51.94649816628337,0
22.593645330504657,51.80094091457132,0
2.6283455771340947,58.76108860529136,0
31.021104667800422,93.33851772530002,1
18.131553389921105,64.12393719885134,0
20.975610773103202,97.52295852876479,1
17.630509877529125,79.08111464945968,1
16.03052243501304,71.8307094884383,0
22.385613252328717,79.00444173347273,1
6.2096098372285,75.83491926131339,0
7.277125219810845,87.93881268786626,0
34.47142484054069,64.12480329864262,0
37.84461848534531,67.65251958001512,0
14.932372651190118,94.70471512666253,0
10.829786925742152,97.32282565752027,0
25.75998172956063,94.62791137432373,1
16.349366843923857,70.97239969786568,0
1.0154542264137945,89.01827515034408,0
6.246103894647614,73.81678666505493,0
28.638889153895903,74.87699260730511,0
26.356957676406054,60.234005452864196,0
1.0838397001393396,79.55651516292582,0
8.878886477317977,59.306794887667394,0
9.242991863522857,66.5782349533597,0
26.875709743949137,92.75151008099675,1
0.7884215101745662,60.35379046054276,0
4.164343279382954,53.557914258671644,0
31.996643414927576,53.45037963064082,0
7.1417864821733446,97.03922602515539,0
26.109844314074987,75.34602189809173,1
9.52731124186906,70.47060359085091,0
3.9776557103738064,90.54392905039592,0
9.726887639978163,91.79129639552579,0
28.890677274226366,66.60955165578022,0
34.22785872425143,84.68090287368976,1
33.208794582679666,88.55614079259433,1
15.887341184738194,82.73253434329773,1
26.723405462825845,57.57975374000497,0
8.199371816632839,93.79415417585285,0
11.72590921044053,76.95472763680044,0
35.85343274084479,64.12362131850018,0
0.5200769404294414,71.2614092718847,0
3.420341234178723,51.87855451994537,0
8.315450205841092,56.39334006112088,0
1.0612881549527886,88.27733752579304,0
7.257417403591893,50.00058173776831,0
23.321662438787687,70.82829142411461,0
16.856982023699917,76.12550905427942,1
35.706868443078996,52.731721000048616,0
32.69774246953764,98.65390814861664,1
13.672694067915039,61.3062665624836,0
10.3769373372517,65.20993598181404,0
15.187696326690677,65.19712561275136,0
23.61179770059231,61.520833105867496,0
10.72254563291505,50.07369110431557,0
24.96595631396536,86.46723970439982,1
16.376466087649618,98.34227498996427,1
22.08188723407921,61.21467416425225,0
17.445061165412667,83.15235959017113,1
11.778630381676706,87.09481634793576,0
37.938132278486265,92.42126895452623,1
30.544231766390432,71.13145985068046,0
5.604527030658102,65.14654528202146,0
34.73871903591651,66.26475670115155,0
19.497247929980546,85.63106665492563,1
35.78208907576366,90.8389733252818,1
31.99421023789261,59.08069838783013,0
17.008540178769337,68.54705040788826,0
0.8987723328046959,95.0970098374575,0
10.747094375397843,90.33467598473696,0
21.665368586434678,99.2429201381238,1
25.33912879304589,87.71241298410403,1
10.315507417328092,69.65976005139612,0
5.574242962912965,79.53189169973189,0
33.39720947197196,83.05071271236602,1
39.37608722814208,53.922790815856196,0
21.027607292107433,77.22484795519325,1
6.86717143393214,85.46604142363049,0
10.892293060774758,58.366065200053015,0
0.7356270618986693,89.03158587127785,0
36.57195226241996,79.18863902570558,1
4.710043315605645,97.61108928487974,0
23.060659020570142,52.12111491034459,0
10.96220882748824,63.266306877773346,0
22.167120100631735,80.0776939649912,1
26.05681553407457,64.82799561029654,0
33.18967214828807,85.72120820356211,1
8.256850870424127,87.95026412609656,0
0.4398331463392191,55.125798203323725,0
5.475425202752291,75.69272321033839,0
36.0007456739242,75.4445277795528,1
34.95560310250061,68.46403851077706,0
23.89652408681233,96.6462431284836,1
24.020674417346136,91.37531599366106,1
26.60146698185022,84.86046909548185,1
7.014851144937984,85.71633178674988,0
36.57647783699839,73.08580719065596,0
16.750820995682925,96.0497260548288,1
15.325541129979898,84.72977136266427,1
20.7567082113135,86.44905308279081,1
1.8786386710022018,93.08454518936726,0
6.651334750243176,63.70357946710955,0
29.52134465705482,90.35354519333515,1
3.3119467170050587,59.7620301478246,0
24.126084378655527,67.26709761224438,0
9.813964387252838,66.78052271349213,0
15.571824561679062,98.92627341945703,1
11.547749470827995,92.82686118739633,0
14.226908658597965,85.05849307951298,0
28.761836207369818,86.35283808076952,1
11.884868624927002,78.10363972012856,0
22.656185611875888,97.35453335542596,1
19.042016087963987,74.81293764411808,0
26.546846614505924,69.02588549349473,0
37.47318957299032,58.15176684657955,0
29.302883888410012,89.31028261305289,1
8.597615143630271,86.72219660377957,0
1.247325402451387,69.21775192620674,0
10.490561771993004,51.25967069796147,0
23.803117228010194,91.94986638590053,1
2.057032539370014,50.57089917270368,0
19.854649888049455,85.18498898145255,1
23.87371395667557,98.51285548630285,1
13.369755632678434,71.88306640741017,0
30.836488149832878,61.74867024979764,0
4.263930125350872,85.24355050216909,0
3.0055112694323505,90.85640710077925,0
29.127550248144132,77.32151580389237,1
19.81965264824794,98.35176376280731,1
27.53609585710944,52.583436082898054,0
17.39309354414985,75.2397799152264,1
9.856081329564272,85.9226973661275,0
32.764092706967986,93.13202355745895,1
31.97663515875917,58.9627805953895,0
27.787858834177072,90.00017408818407,1
10.885805489198507,77.63535378592726,0
23.609226674763484,69.82768409949816,0
14.438955877601071,56.58575142895468,0
3.663282933065366,93.26478794544562,0
36.692543018489715,57.863660408985766,0
5.472745236758456,65.48939296045496,0
38.0094941528321,64.50227659812184,0
17.84023091831823,93.57070170954272,1
7.405317153544786,83.63514971044489,0
21.676037895134325,89.83406985956861,1
34.91783343505633,62.52339493962495,0
29.288995456382448,81.24370498034995,1
32.26244591445799,78.58729915718743,1
26.351334668428695,91.64151883941355,1
27.6910625807141,95.30435302406303,1
33.96782606261277,50.60783857386934,0
9.986720354367439,83.70099595293964,0
19.57699854572562,52.59178995598645,0
8.848377672784089,77.44293325386779,0
39.50672031986588,64.38163645218391,0
37.76237358746453,65.33882997610706,0
1.577072454740236,67.64792517261783,0
28.22300690062754,81.0646224524805,1
37.009932696626635,66.70249828343846,0
7.223013805093341,86.63495252951401,0
22.717809222105178,70.22636927869348,0
36.619531903521676,53.41766001549793,0
1.3578391434319537,89.18799212420537,0
27.896810689873597,64.2879162296353,0
11.89396029490203,71.63834397996314,0
36.975847815061215,84.27219416109509,1
38.842329806614714,66.6228078574356,0
37.770659564537354,52.82928280733578,0
18.96856866629855,68.69605235064068,0
34.481706039572536,97.22242913471517,1
33.78197594140281,82.08671986492791,1
12.764018929730225,83.57395743336035,0
33.1566189660271,81.61410768188199,1
1.4803053886197048,59.94960694797184,0
23.85079513928212,70.916693205114,0
9.200353491508121,87.5469899181659,0
4.822675431091152,55.06864487765796,0
3.0781280651683662,63.892638804485614,0
27.85155103512559,63.81595542329268,0
13.594998550722647,71.6009463797253,0
28.99067086115046,99.01843704710924,1
2.614253631957695,53.3751273341911,0
12.611613513224412,75.93504971902975,0
21.57965169501349,58.96823410061052,0
31.628926593558543,98.53382727048721,1
12.750100117282797,55.66517523637321,0
25.035655057480362,70.18005011807956,0
35.43910992944748,86.89424924173031,1
24.63452752729218,85.22772140137226,1
9.318378990145352,71.13643184469662,0
0.9760312622615208,67.32620839763591,0
34.803954956037195,69.88061892764352,0
0.8507764340154855,63.213813157931966,0
34.98806690736798,60.26664693533999,0
21.15748536108848,74.1519848779445,0
37.56270794051585,63.42668780338037,0
31.951329430946615,64.3730832448625,0
39.9173644213335,82.83780317372785,1
14.028472618068406,98.42686658499461,0
30.687531557245077,80.18186002796875,1
16.077236544369686,53.84897335324831,0
19.195024812156355,53.77918069270335,0
25.100218528734803,97.5711610422783,1
34.94708456745355,64.86453951536669,0
39.363338767971804,54.60334930412377,0
30.73093655458073,79.95222935751907,1
16.71067128669335,81.18243891451331,1
16.854280091082806,82.42524100593441,1
29.50329206355566,63.37010139287706,0
9.551085830732093,50.75553421072375,0
4.418964525255786,98.25076847272359,0
14.18488630563106,62.54465228455513,0
11.48955966616327,83.80131440262738,0
11.852324818239603,85.33149349393548,0
9.344310041996398,80.50037085397429,0
1.6837275854544753,65.64536971068242,0
0.7149573893365524,63.554812688203285,0
39.50889558944126,79.88341413513515,1
17.110925349434496,93.30478168058457,1
15.373065886387266,97.33668644616978,1
27.185891307722795,55.29529022018788,0
8.730155514602567,57.74143062988599,0
37.99844735800902,97.23681293915399,1
31.453800576622083,86.82676141673963,1
3.5764400924903805,94.14969124148865,0
16.703231031397134,60.13163170676716,0
35.164732302486584,79.3792935554701,1
37.78928089165641,85.05697972087368,1
18.69606044999479,84.00559427234863,1
24.53645556842831,70.4075845433349,0
6.681357843683009,50.76974458456542,0
39.646745045479065,79.14630284021315,1
9.266868055337735,62.65507695898044,0
37.709270965405025,72.51271230714451,0
25.98586595969474,97.87905075419087,1
24.309471795154366,69.95176588212173,0
20.507540440660343,91.99008033322133,1
9.226792468710347,59.42703028746256,0
7.0611212802203305,83.62302490125144,0
8.819448362807014,98.85034772194717,0
7.457530485770181,55.09465504364684,0
31.18337894267013,50.4159971113596,0
14.005010366669204,71.67913963163072,0
2.3137070625358547,54.63127415256836,0
38.764105205632454,87.41921748381156,1
35.35143539853703,95.72743319242795,1
37.11009132780852,71.70104863543794,0
39.79631290585741,62.93558210777205,0
6.955809968779492,71.72016595033048,0
15.84968075610635,86.17239089250005,1
30.32953902816365,50.45270807901855,0
27.840824722151687,79.47269947423486,1
6.155836253594202,80.66458424436895,0
32.63332499962471,81.88441234479677,1
8.977622873466427,62.10110399904386,0
8.952704592904922,85.70263616890634,0
21.478976915736542,54.56957431658882,0
23.717597393668125,59.96351682334004,0
23.203448313512446,93.87350233272409,1
3.659473495910195,86.93615753632832,0
35.09843450521522,50.687277700567265,0
10.624001703548242,62.41881301849001,0
5.180596851312167,60.720324149658225,0
35.54992319475909,63.54031640184863,0
38.226059929190136,62.377988513994325,0
34.48510469061802,53.126314787142285,0
32.38064298899512,72.94702582984101,0
26.20967922556087,86.63667373930826,1
22.034294824365574,80.33658623587182,1
3.4794703964564055,83.643583429904,0
16.338128522827947,54.05745892681196,0
14.90754068049256,97.57453550883936,0
10.39015135041305,91.92459169215124,0
28.936804547543396,90.25451592478314,1
19.835029403150834,91.14919025208837,1
3.2418486363059174,96.63552540663807,0
8.807328077992453,77.21269830568488,0
27.330350546383837,60.0141008933813,0
3.0452343796120074,80.83918039262706,0
34.04827656195075,87.14407468339695,1
19.805861080558973,86.89586966770128,1
19.22346309306592,76.072451208344,1
23.696311386380703,53.42293596667891,0
32.987238637005966,68.5556469215064,0
13.912368316087722,96.03833042316786,0
27.120646102362542,79.2224454878713,1
22.629278559831643,76.91659716278568,1
10.681130806776853,63.44267571910967,0
35.14519945420632,68.42244599582895,0
31.897040864277123,94.76730445765847,1
26.33807338633702,83.3231523763418,1
34.023269163769676,89.36935133761665,1
34.6917680383921,72.71727115338275,0
28.33451906860139,81.5123609728079,1
33.48053313454688,62.41918043716038,0
27.898858466771344,85.27304151417431,1
27.205630870412016,71.38006668516687,0
24.74445512860737,72.12727574073728,0
30.108665582305647,82.46611622884409,1
6.344204211722948,96.81403107344633,0
35.23483036795714,53.20031733043105,0
34.87374110980928,91.23716186735038,1
1.1698913213823658,64.61915552060965,0
33.03267002259051,72.1959727253189,0
5.154794698937808,51.09566643875045,0
13.404754170365676,65.05230389171565,0
29.74033025166431,75.13156213150653,1
6.430395841932328,52.80880386737195,0
32.718680964762484,74.55478646915826,0
33.28536711830968,96.35553144292138,1
20.298709350433448,55.26966090539026,0
0.2554348686733432,88.22203640377522,0
11.481525326996511,70.48355266879963,0
24.677076735029686,82.7586857262169,1
39.24744712109694,63.01182989926147,0
25.272541080666734,57.97461312706791,0
10.39214324256639,58.02313071356132,0
25.360228123984456,53.52459728215723,0
21.599415188634218,59.28233524506215,0
31.193815806045745,83.21096924944841,1
4.279225553078336,94.08453059217541,0
30.44111610008112,90.70628427955809,1
21.650663147044412,84.25671549372422,1
38.51968015435978,55.521593170555136,0
13.674886641547443,64.45937231479749,0
25.304875725357924,65.49034376612344,0
37.2811242204007,62.49784731988106,0
4.10038911962717,75.75028298548615,0
37.48913948945805,76.77769074398363,1
27.515428892032535,67.84429875855551,0
2.713482364206876,67.6894579368218,0
12.03854267787265,91.42777989530407,0
28.326883545811263,89.46464241598429,1
2.694024058750868,65.38979158403728,0
23.28681840705093,95.68942219366296,1
13.83532227811827,97.6407508501253,0
24.836620710699084,66.33712710150203,0
1.829681352500514,67.72124743965274,0
34.86147224609505,75.28170767109793,1
38.939558767095875,97.05604062668368,1
38.75511421142766,93.81597165711557,1
29.98607326971699,55.12839812917949,0
5.203449605225279,69.63653716357081,0
30.330527837160904,77.6685594874886,1
0.9834766583520604,75.156623627577,0
0.8849420611598902,59.693153396844636,0
12.944408765981649,92.94083855840773,0
19.545727616186632,83.84703914984186,1
30.81629671231173,91.89541874259018,1
27.33181506426021,92.93821396747362,1
17.836108255069934,87.41779268328699,1
10.945066651266636,71.96053006248587,0
39.884980006308446,80.52733775077122,1
17.047252089438917,58.01827030598716,0
18.05548097318702,83.68227087374538,1
6.544952847666767,58.96266278696404,0
31.792381949997175,84.69747952550784,1
27.747289031259545,61.479908037698436,0
8.830784511550416,55.877565007510995,0
3.295241824633708,58.26422450714787,0
27.219972082988523,50.09960676095351,0
26.18044857124541,85.9369808926765,1
10.930381079928374,86.62005245291896,0
38.03454249001641,75.74666749566298,1
6.042315671236009,58.06814005276918,0
17.293392041704077,54.177716875534486,0
37.74463680670395,50.95644832186435,0
16.78909267704489,58.28740884826104,0
25.54103790656342,94.54277674915733,1
15.903775918511771,62.07684208508409,0
10.968608093946802,67.71356636086078,0
39.359105918393126,55.26727422406666,0
16.37336025260172,61.118065237408516,0
35.76396814716538,75.96122853901025,1
9.198184235643447,80.38763415478263,0
8.524188161003332,62.26761570831055,0
1.2453633153804544,52.88660796125586,0
26.066673015035402,69.55164345636993,0
14.741053748950446,61.71016854631671,0
34.57432999358548,60.9776961614901,0
18.928396267662286,97.99314013567276,1
38.72773711658887,80.8150242962862,1
7.421020628124846,77.8439221586048,0
34.744926718224434,70.78875517616609,0
31.06387411166967,71.44721667150722,0
30.83687378576208,77.04525019190405,1
33.79132912467551,84.82149035180535,1
30.440959637719956,85.10730480909147,1
25.048812865256615,58.58469538527248,0
5.249795107295503,75.00563760383135,0
1.3010471796500767,70.5979047517051,0
36.83391391262747,93.52634831346921,1
24.666012580829523,81.57094606091883,1
31.861491639047053,76.62520332079909,1
19.260894060502004,55.76973210894587,0
4.692327558495779,80.28189446617057,0
5.0074316881020176,55.860195284011674,0
27.422611489158854,66.8603287782876,0
17.212235795978508,57.14209824071659,0
8.020989068013469,84.60368235121845,0
19.663781869657477,60.31260569180763,0
2.5683574830053635,69.5929686594013,0
23.278856076575952,94.78373888093893,1
10.759736177403907,60.21581916994852,0
31.902364025487525,75.39025319793896,1
12.41447835694295,70.9635830583011,0
18.20880596327205,50.90620205228649,0
0.4648215963240254,89.63790567864064,0
2.897875511782355,53.452295315729984,0
15.699742256267392,73.71275104884768,0
19.19755338868494,78.03391474694749,1
24.000821924772147,81.42132283072935,1
11.66650314837213,84.43158146539378,0
27.799275445061703,62.663619176135754,0
34.40489588756818,50.49893883292247,0
31.194039555733994,86.17218311774559,1
1.5847530139342858,76.78282996737893,0
19.220277890313156,91.80588516036244,1
4.197207136726995,91.06941814503472,0
9.681800634501098,92.16630838939416,0
39.46650373068586,74.254732998977,0
5.699821716060529,66.68141979184328,0
19.955526138054243,89.5779101295685,1
24.726229372724763,72.56470565146275,0
28.098598821764156,59.17210982017173,0
22.385947339476566,92.74870097807371,1
0.39083389676734637,94.12799383861736,0
13.058452329759675,73.31548780700851,0
20.708465735388458,53.784986365489374,0
3.514659965793334,69.39130449584655,0
14.02507724836723,90.17688297313018,0
1.3281243516546626,95.08870142731143,0
3.1431398862008297,60.17363712487979,0
15.876931048063842,53.348680601263574,0
5.308630161722414,93.86752265664194,0
22.701633930462325,69.47024694894377,0
27.57859876549063,77.08804821337816,1
32.02346796436331,98.40329060253794,1
8.006009769792403,53.328236395711144,0
6.69930329036279,82.41590037260478,0
4.18271361337601,53.705271128743355,0
25.457209981745468,68.77344642332503,0
28.259029059476045,90.19072725967234,1
1.2634457930256815,71.67361163778172,0
37.448489849747595,99.85911769514752,1
2.0788513460588964,77.9529642473301,0
21.65185341204282,66.05810763179767,0
28.362420778036658,61.00556629523766,0
34.83876494984342,67.52602671430809,0
28.56347728529711,68.62666368797754,0
32.069123322791675,53.43568388619805,0
13.578007701712242,68.47870997133866,0
32.59300454986049,73.21192598696125,0
3.2045938553870057,86.13688761194024,0
35.792666242421106,82.83647423608039,1
21.90369504614945,85.43828276145771,1
32.69191079849975,50.418184093842854,0
18.092731380732005,60.8833699790268,0
25.743107807860998,83.08421441999283,1
21.056106437444527,74.19946840898736,0
29.263580870213275,50.2656737834173,0
3.265199281223583,90.22473212159112,0
2.414083359622552,88.64047866451688,0
9.884129360405858,77.42095814967813,0
6.381787204527534,53.3231662888136,0
34.87134266368807,88.32575247662923,1
8.768559494321773,79.1856793865682,0
39.03461023276525,89.09799885789795,1
13.475831670844274,87.58734961979202,0
7.284716627547971,90.15010359789186,0
31.587940285699165,75.90040332023125,1
26.348311020035045,57.01622590967575,0
19.92782865812556,83.55787366898443,1
22.21454203750525,81.02368925259853,1
28.768071130890554,87.11265935995436,1
9.138189653251949,58.49405030253676,0
39.853356642269674,59.74875999501446,0
38.991726485871325,94.52047586096643,1
26.013027453877477,87.49888992260354,1
7.981698037165805,95.41142443501614,0
27.209129697251655,87.93576605819604,1
2.8879363591670337,79.8577652995151,0
1.2261000882322426,82.70663685139368,0
10.307315540448547,94.45639619700049,0
18.504918269572652,78.94033772559703,1
34.73090021633522,81.61956621641937,1
29.086762790652323,57.82383580018003,0
29.70826084799924,73.69606100580513,0
17.019733377923014,85.81985559790495,1
13.837399701878518,63.54713491581827,0
14.841550519384107,60.112709026226746,0
39.505982549442315,65.69134041122078,0
1.6043676564992992,62.075031399641674,0
34.681259844897944,60.745631851819795,0
23.147016342895736,71.24254214340435,0
17.54461676758362,95.3919256941767,1
29.01030641660546,75.35298233693591,1
19.466757656988115,59.39601904076615,0
34.93692952326642,53.8485834690437,0
36.02807456045034,84.80780725689627,1
16.868837074938217,69.13993822181939,0
11.073111889402064,91.09154732926797,0
23.694013143734487,82.97553843203852,1
36.49453382466764,89.81207252706842,1
8.426487560226663,63.59730197092244,0
24.91866334253931,84.6179461230529,1
25.262408803700822,63.203099234685936,0
29.32452089661124,96.95342397251457,1
5.262707405090392,81.81871407666873,0
28.63299858728354,66.2255900087671,0
36.36130082662564,63.47559311461363,0
7.187324354809679,59.54632925358217,0
9.501732996955106,84.7320479446864,0
38.855803761665584,60.935780649896365,0
7.239078108379591,79.76516329637445,0
34.17540373478317,63.23175134626787,0
19.69111425792139,83.09844723969343,1
9.889242976127083,90.74698642702697,0
34.829996050900455,88.90126215723265,1
17.81221020010662,88.04256654653909,1
20.59269415718761,59.3861202846126,0
14.369334775990627,54.419247349225934,0
23.718034057397098,84.94744142436929,1
6.540954903400911,68.41736068971757,0
15.643261466070427,71.61731132016736,0
38.7764928934115,51.55745463966955,0
10.325337308045102,62.97882246375246,0
26.269466581651688,51.6838201937232,0
13.007602568987796,93.95928863006239,0
30.938925027464027,62.16983416092653,0
5.234946428733993,77.8668584786504,0
38.79284180314179,51.94896603305652,0
18.15158165534557,83.3423695652829,1
9.442018533858558,66.15136728770469,0
2.9398698932005063,94.89595934788329,0
6.79031620350163,94.4059094467018,0
20.790957942240706,66.26453091808739,0
13.480127057251451,95.0480447845234,0
33.15533463530438,99.80788367493895,1
17.235500946472236,91.2707832061974,1
9.948570903505196,92.24356738776146,0
24.685799464161203,62.450436805454494,0
28.271088675417833,78.83511994288781,1
6.681676316037994,53.362795698368394,0
6.7047686515327065,54.745896841083486,0
1.4668570773417189,99.94463060166453,0
29.45608060262562,66.33196247129555,0
26.552181104872204,87.40919560244231,1
18.985235029992555,90.33325265134081,1
33.76681795876789,92.90116355036146,1
32.22680611800213,99.88141487010782,1
23.414174575870085,62.07482426284339,0
34.73085122053035,52.017541342984984,0
8.233648401470731,70.5595758997293,0
4.476784775909115,56.504033491447345,0
10.789984460679584,51.12129445810275,0
2.283474243572594,68.0213413570743,0
21.24678112004128,89.18691255376183,1
37.464227691798456,78.30903456125354,1
1.5737416267403859,65.6388994605177,0
4.884396560401072,82.71710027463598,0
18.087961131337412,61.600909015440536,0
37.3550007011162,50.71907230360425,0
12.64624419907002,88.21766932182138,0
20.289392347535696,81.18715424320045,1
1.6629143620156839,88.115131225048,0
5.9337280384835545,51.94690083438328,0
39.46520491835388,91.85598139153261,1
38.60474785744182,80.97631000181516,1
0.19759923737638463,78.169767535632,0
38.07247141692956,81.23070240572657,1
25.564797512620014,93.2216623434182,1
34.716731780800885,79.34682532794535,1
18.189594225354362,79.04751899440896,1
20.62384114317001,99.53395785328829,1
19.55386321027681,87.8365083534284,1
26.674570301844174,72.11469027255677,0
5.586050190252516,85.36985000164638,0
1.198943594907118,69.46152358458943,0
12.317197663647637,61.44377312417495,0
28.18723050946587,79.84259384438798,1
8.074138084917934,96.40910490569757,0
26.937297332996692,96.45697600077314,1
38.79648184429082,67.09526390527452,0
3.7560286315767355,76.38387331108476,0
26.90408472900505,60.58179492849306,0
17.750008772182845,99.78155547494417,1
34.72569017510021,99.05589539339678,1
7.085991577895436,82.47544648537237,0
27.70503808904658,90.22070298387368,1
33.52461158592441,85.755008064185,1
37.78456877896093,79.6579109519734,1
27.329921131585834,52.667399849444884,0
19.886990560337093,72.73821712763305,0
24.713889608048554,83.73931510837053,1
34.756199379148725,83.87658069418424,1
22.824389865553186,68.65613092111917,0
1.2154823878734744,97.08459933290152,0
37.23794782027911,58.36785161183905,0
27.581070041262446,75.01797231077803,1
27.06053543108986,84.54419882754114,1
8.627006095908687,84.85679029459047,0
26.355418809306286,82.43194783844078,1
15.75457622616634,63.76441067259301,0
26.049319081659682,57.8103284343311,0
4.263721212319629,81.79701634133554,0
26.313812184121442,79.96510580697189,1
39.97654903082666,58.96780051446205,0
1.9284815544222411,85.25695727852818,0
39.08696736885269,72.75859958668282,0
16.276318428914823,83.38802958015765,1
34.83013801349037,91.86835398850754,1
31.29541936233094,58.48642142884616,0
22.68065043946671,50.957243399841836,0
29.53796837005306,88.95512931978934,1
35.14062245205392,80.4848712576308,1
16.165612866041318,84.98197848110608,1
13.081326462529548,91.90774874943213,0
26.70373542254339,90.14054674122502,1
32.31383767765034,98.04600734644123,1
30.49140539106463,76.7967539426059,1
31.91254595434538,74.42478163299526,0
17.42333259251732,70.0943599945365,0
32.71336864700086,57.68455214221023,0
4.808362214824338,78.63036164410113,0
21.779563918433983,63.85062621629894,0
0.23034641992486282,96.06537561064877,0
12.983433196010811,79.15954021385488,0
14.658461394855916,79.64200902540551,0
15.846907664370216,67.74623304385051,0
27.81868826759449,52.599467598885376,0
15.542324050813829,51.58718826864943,0
17.947744904901228,71.16675720765987,0
9.5017652349731,54.22826890486189,0
14.930071665173603,80.34234777700695,0
9.090785090526058,94.04865028198287,0
2.9278369507377455,94.14574082593612,0
24.137943735255117,82.95227050661163,1
26.72851194220065,60.56159157364655,0
24.77961384038458,93.14984156794361,1
18.539761752022894,94.3046717656604,1
15.191431207169192,59.83267924764793,0
34.53334598287301,86.87130428853386,1
20.763271405448723,64.32597744635615,0
19.16727510518924,90.13201561764649,1
1.0256826322574275,99.86189499518014,0
13.649913105046254,51.50130026646964,0
15.207824751434282,94.86829328954659,1
15.95291123587602,81.1315266799329,1
23.206894769093292,98.66913095824106,1
21.34410186907514,73.25047587632139,0
24.316203711737785,92.36939652856869,1
30.59533046168513,53.11970342991386,0
32.51942954864374,66.7639525039148,0
28.724923049059775,53.3508268875605,0
38.22094783819739,98.76715667395354,1
0.7293033070544652,90.84869536359184,0
7.831119427341844,92.62737106229852,0
0.3025149991256848,96.89826157169472,0
25.89898856618412,54.25517430598927,0
35.92122195799948,69.27987962566667,0
9.739291863051971,53.551744452200104,0
37.081381791852266,60.53965507750143,0
2.410695611582434,61.468288851883614,0
37.37744107222057,73.45536055237893,0
14.064907489585377,63.42810837268213,0
4.056833137968661,55.048905340888055,0
19.434870367453026,58.37455445470539,0
10.271062708820317,57.363778177604544,0
11.394916078476914,98.65383989561491,0
12.291598597051463,87.96462534592368,0
32.121035913306535,98.3880732634781,1
21.566451067010178,71.98702432539542,0
12.452307966240145,63.918424083132834,0
24.413351332436733,89.91465986045932,1
28.646026968927742,66.31269590205734,0
10.90496002934135,64.96916868526742,0
16.54196406101406,61.62529961039156,0
4.875443733477902,56.48394891121177,0
7.245973981387213,62.8231530508383,0
27.24471415859931,67.76598742369438,0
7.257533907825078,83.69971040728652,0
21.006535346682405,53.12824211097258,0
28.36185046889731,60.52534698326715,0
4.2750769237897535,90.45118201458382,0
22.692488785156144,57.346096179188535,0
10.26251134805455,67.13225732612608,0
38.517075009503195,93.23294609290701,1
19.341825868796988,57.74626555717213,0
32.23970199100633,54.13684178090949,0
22.00906168625047,74.22689975400054,0
1.7365013141927665,65.12097556392682,0
25.326055023760894,78.1704182241927,1
38.05613368826628,90.19024452417375,1
24.06447280585325,56.857424407637154,0
32.767554377071605,79.03495422771425,1
35.36825853393631,75.2754380194932,1
9.123190877957299,57.20393930065998,0
8.481793596329066,81.19992427644912,0
24.43923955403967,63.68202089303858,0
16.441138792268188,74.39171592720062,0
33.59445211466881,54.11361621385309,0
36.000924935920445,72.97920286068116,0
14.136855172108724,65.32317340214101,0
9.474822358979281,91.11906055926772,0
31.221020609754472,52.84893634986842,0
10.992241421925444,70.9303637459165,0
32.90457274054714,72.9215712065719,0
16.94953014595051,86.25030381495594,1
26.701995971658818,78.71437875451055,1
3.821412553386727,83.36061685970905,0
24.95437298706292,88.8524642825878,1
18.070707149489166,93.11014868290944,1
23.464338527018963,65.69377483612352,0
6.720568309794537,76.90113526819515,0
29.474949797767284,92.00540392196,1
34.51188310172914,99.47255654825283,1
8.669592003631026,94.47596555218816,0
3.828582220806469,68.57336313121884,0
0.9455434418534558,59.75832586093252,0
25.678860017730642,74.46962687032944,0
24.28376144355123,87.0820725918021,1
21.8678965085628,74.62845353766488,0
9.277883844639017,74.15904316568343,0
15.636239836220586,91.91152105409003,1
23.779053407446924,68.07018895335932,0
19.870674354366777,92.98973374058228,1
39.51142080859549,70.34024004758618,0
5.457590102269325,66.41165528391697,0
27.80578216190375,72.69949555998495,0
16.172750724171685,88.12234793374341,1
17.12798459702459,56.30010139319971,0
28.70391062632705,59.82096079360087,0
27.697446052974787,97.5722412831546,1
39.65023974808753,58.77458136906787,0
5.135771578165009,78.38636589655273,0
4.1643859753666534,78.96572333309689,0
28.973552685149645,74.48122310251225,0
23.135476680256364,82.23726242884092,1
10.966426662392234,61.49133628988092,0
3.176774759559464,77.63311338883742,0
3.4263299838572214,68.60866276234486,0
35.76763498656473,83.08336298145946,1
7.674692988749716,57.06117716865747,0
12.93486248462083,78.54387084197381,0
9.06625608907952,59.263517769166185,0
14.199852233277493,63.93215315575182,0
2.7769537098437347,60.93549001617916,0
20.762391636330815,59.14188899344086,0
2.704502543688596,91.28554757803334,0
32.014260312894464,64.28537838304452,0
9.348483276417321,96.35618909322247,0
21.600476584180424,98.49632626725955,1
35.20316350245833,78.56302349685487,1
26.035094761887766,57.15005613328632,0
21.318311462053412,68.72741216897907,0
12.973350124615024,89.8866131674107,0
13.320076522327916,68.36953643485353,0
26.779478207927603,54.350860915139435,0
39.7655744488467,77.8392455464094,1
26.473567593975144,92.25604257480174,1
22.311336694800996,89.79631935717512,1
29.226020409569845,58.75615700651766,0
18.608224491348725,83.63823072062334,1
2.4056937040314086,61.025213171782354,0
22.491872635116394,60.91037672760861,0
38.305011380215205,93.70358866525926,1
7.012117694306386,62.48344763701151,0
27.60019563282663,63.16236732590056,0
8.037347546362259,50.03266953806498,0
21.43310737892325,93.53345170627588,1
3.867057985868785,89.62974066045673,0
18.014837450327406,81.3664467545339,1
30.246533155809843,87.51328819694211,1
13.902860969559283,57.60242837122459,0
26.59646897948872,72.91617972937877,0
31.817998431589167,67.56096936743904,0
37.087112779178106,54.68882631285082,0
9.385683274218142,74.3065242607462,0
15.972636632372325,96.03698251713178,1
6.096640533216697,52.00295595253473,0
39.699340086335006,64.5730456746897,0
37.08003871697181,60.37704681028517,0
21.598285211222382,61.907332683284814,0
33.68133177505685,95.42172759396877,1
20.838319090881686,73.40345271171451,0
24.94342752011039,73.31497064699094,0
3.5649772846406647,88.02878212276411,0
30.210816819872317,57.72461020024629,0
5.108539345409393,74.36326770500254,0
33.04270521010113,71.49926070605298,0
31.281123506815437,79.8455345273328,1
28.34978790971906,99.97788516252193,1
1.4464152209904846,88.47244470410234,0
12.125134237813144,69.89328515087136,0
10.524502796433715,91.37765261370234,0
14.405456298860763,58.53541816562401,0
3.5057098705535417,51.523184315448006,0
37.47831292124251,60.222418623213656,0
22.15208962849505,67.02057780571297,0
12.220972426320941,75.529037872978,0
15.879260682971337,80.75645702706,1
17.888101620193424,95.53028586072108,1
24.023773334424693,75.49270047752289,1
20.62717710785991,75.06378223128647,1
36.775678928576696,52.51215049114911,0
19.87853931623321,51.74557763281119,0
39.6863205929325,77.5579980958186,1
34.05699830980383,71.90893066241722,0
8.340420574293432,91.95901974901493,0
37.22380858575665,58.033979235592255,0
4.654655915419044,51.24858310585248,0
32.697988339647665,72.45193839650629,0
15.224931739063203,61.873927837612875,0
35.11897281780278,52.480718666941875,0
34.72226760429801,86.22991434238145,1
32.23701600470485,55.579649997862376,0
31.601217452282455,80.41597500038858,1
12.187165563921631,64.05248750834446,0
3.236771322050087,58.674802517751104,0
16.119207150606456,68.98757614596587,0
6.940980599460347,90.07228881114769,0
27.79804355609847,69.60467884522863,0
13.843989061511422,87.53848246055279,0
39.02440803439659,56.27431483995753,0
25.63888309381328,88.63857098325396,1
32.899222545374435,61.84666624533243,0
5.300986909673937,83.86965649444363,0
34.4805792909049,78.28907774204981,1
36.910287620535776,96.45723586058438,1
19.482476752757435,69.3661258987657,0
24.250117510039097,53.30825944172202,0
30.59239203611982,50.95777427756264,0
6.993545090416502,91.34292804863765,0
20.102643058537698,76.23678188307161,1
15.946521110892524,88.76220259174747,1
5.8549596864899645,61.72128000057573,0
14.701376891661258,67.25418727566168,0
2.7268923754197427,51.50519361056595,0
1.0324762779794794,98.07461622870561,0
5.40665156619291,83.39339533504068,0
38.52460446356695,96.66025438796531,1
21.98118143580068,63.274820371453615,0
38.6328864461288,80.57318056128304,1
17.29991513320528,83.92499841463189,1
12.472645323410383,65.87748501287942,0
20.245674513609764,92.40546175078151,1
17.580467545316406,97.35807314501238,1
4.2265873704697565,94.24275588480022,0
25.633052587608248,86.95334879696863,1
8.641527300383984,63.8732339862477,0
24.78351819591318,64.08080210528159,0
26.008043695926133,98.1680160223019,1
6.080994125145924,50.5142247967846,0
2.4539850844267264,85.80249866210723,0
31.230463442737594,85.31230812776312,1
18.392016950772806,81.13447704748987,1
2.3265518202190316,99.50544230434329,0
39.794652686790684,65.59397178818627,0
2.3112224398546655,66.99859318966242,0
27.801409154342128,53.946970147327775,0
39.34715701053654,72.13990682718688,0
9.567204168637025,63.05242631174241,0
5.689974747487847,67.16933510888221,0
4.855397576897156,91.72858951278138,0
12.131005902703823,96.77422567637478,0
4.041832440425868,59.286653600259285,0
27.686453667765278,68.6254465776733,0
2.4916719252025077,96.4315281057697,0
20.37688512599159,53.09042303446113,0
39.86787415411907,54.618026405568926,0
32.558810780240755,58.13954946031147,0
24.608777529240434,79.76064170634373,1
12.250144831464468,57.52361355029987,0
24.95583345166554,98.40381907253668,1
21.081658556466067,72.33572636292601,0
17.043335355614857,75.07589801750832,1
5.228415069607979,62.332930790270325,0
35.46416860961867,73.54801262173667,0
17.9913859528529,83.09568163185057,1
7.784900472830603,87.55885684770215,0
14.710374035091585,87.69340413549565,0
16.565190101157082,78.89455563470442,1
33.10151582267497,95.21798874969286,1
29.344575222456083,90.87039236530546,1
30.77219574565359,87.85240573493127,1
0.44125057714588856,52.78027608402303,0
16.64615992719046,50.343898110982465,0
19.253766065412947,60.62236385977365,0
0.7676910729222675,83.17617969567262,0
10.392528349801369,70.55987444412729,0
30.4115929248854,70.12031296496559,0
5.484388229159962,94.2293444114807,0
21.412405258103668,94.77814240659194,1
8.6080748806895,95.45876320267928,0
0.4848309857557309,65.69390382575136,0
9.64805830398166,84.5527906369631,0
39.03495019640215,63.58165906371848,0
32.06148447531958,59.53049165372249,0
38.383065772841334,59.23162286736846,0
19.5141617570545,67.1053810431797,0
4.38944794710014,71.49788098899108,0
21.91837955894772,91.54745855275343,1
18.175093382398437,55.994554673635605,0
33.77428330958464,86.74629236974471,1
3.9233032313697835,76.57274570946527,0
19.529645480871128,64.39726713379963,0
6.00194658775937,74.64097922664124,0
12.987037075602398,64.99710348885114,0
29.494283095511985,79.8040977619153,1
19.040725174750662,71.69219614276221,0
15.035531405830774,58.22027645394394,0
15.779051142801412,55.829153727784835,0
18.377870736239466,77.33478410360651,1
31.400661753482275,95.12065166430517,1
35.68338755760938,67.19788432788428,0
38.21338746015713,86.65000536113115,1
31.476135450211803,82.93306774698834,1
12.616275829920509,96.57774571547405,0
27.525388243461684,91.04905086495705,1
17.504124962215677,78.33026294527315,1
10.186824881842046,82.85152491170537,0
33.634863177036905,94.91932332920175,1
1.5370539584929999,69.97593922934674,0
36.07047968541694,66.33973529288886,0
18.459098584989366,50.540554181759816,0
25.488059072331218,91.32755370957321,1
26.374156888231308,90.04903502016825,1
35.804709628261456,55.22272590500757,0
25.466787286688295,78.84286905663501,1
24.557343390402472,73.19908490834436,0
2.6660816224275985,55.935454775455575,0
20.73632087780816,99.02841135303618,1
6.006760032681666,60.73479437316777,0
29.497350748859425,53.36170900452806,0
20.48887683250698,79.74236897509547,1
27.209111168334132,86.94333385665163,1
1.6669160240953707,51.622172302359346,0
3.391680641832129,82.93588193635111,0
28.652935522507292,76.61459379757272,1
2.8833734399469346,55.16325044375242,0
2.850269110610344,58.626193847318106,0
0.484339009395498,78.39871486580402,0
38.2600559319792,64.81788067566441,0
29.50033437836028,96.9157864325658,1
14.130056340082566,90.93701147420254,0
11.86142325150621,99.17836032568314,0
13.988129189833982,62.9835419475207,0
30.986141247247275,98.48618163989886,1
26.454824442816577,71.56169348957789,0
7.4078227146987174,67.37593976568773,0
6.964373413363374,52.51747634846766,0
3.9358259885358926,52.63826289298013,0
26.412108788053526,84.60056279733274,1
30.574906488869438,72.8964497217014,0
10.601857133000161,61.32608130180529,0
0.8377984412365125,80.69851531626163,0
3.286866699057094,62.642905912505555,0
38.71440139380122,78.88158771722112,1
11.81779109909681,67.96043734913451,0
30.768925913525344,91.17761133059095,1
24.98654275417055,91.03480803833897,1
15.277585586115837,73.86751990612007,0
8.227490487822205,67.54095546675077,0
4.855456726376257,68.12798982795474,0
24.600518721554664,90.2857262834109,1
30.98535122551152,66.4089741398806,0
25.756170141645228,60.4529686853423,0
21.21208532996633,54.234417093765344,0
1.6780489372654506,73.33465604422042,0
38.739551103775355,74.10660494599209,0
31.94856766618298,92.04543552014536,1
11.712881468038589,61.0619348223032,0
39.19881317435403,69.04956368341999,0
24.075263585452884,90.42028694468455,1
23.296906328289857,91.18118053744868,1
29.922927177181286,69.23055379893842,0
32.4707915236055,72.95620116433405,0
26.259144293260107,65.16429454246415,0
5.123829854648001,96.6277439209656,0
13.530700239779936,55.932188287079015,0
37.12334561304199,96.68747115007349,1
8.984624473754078,84.19332259176716,0
14.886680953500534,76.57860763433656,0
17.28307531776784,51.632953039224795,0
17.57619958777809,73.77980959110042,0
24.51758329978102,70.38740525013661,0
37.7230335097883,58.060940598756126,0
9.6277084733002,82.82048017503286,0
4.8600550520367225,98.55754536841428,0
7.898819594397493,78.10944055322625,0
35.47699600837078,85.73766382219729,1
25.832432506208242,53.42252262830084,0
11.436271569566404,70.88334979084973,0
32.63787755874469,55.81792425822479,0
34.45479985453744,80.63979177682552,1
33.860573547611125,96.92410791070773,1
36.75706134558218,83.08888662358193,1
10.089640806934463,53.84015241572108,0
30.201677149851132,67.73331024925415,0
18.4215798909656,77.53316897204257,1
33.67994211560246,70.16038780666261,0
29.13962708646453,91.68220052375861,1
31.057897859988984,90.73355023549945,1
26.24647350724286,80.59155100516108,1
7.097150778788275,68.67289725663527,0
21.80107675587753,62.7668186881622,0
39.38678958098033,55.293715910656466,0
37.495522659884756,67.7448841743277,0
1.7269494318804668,70.65862586038597,0
6.592592629177485,83.79114625520367,0
5.269150938182476,82.90799121487868,0
29.03919639941182,53.50540698206285,0
32.7114131942778,69.76296577155789,0
8.540454652426877,59.0889433608681,0
20.23410771807316,57.840635265840284,0
33.628121120448,91.36510748686229,1
29.312061790650024,52.095760835812875,0
21.689488219673933,70.95914379510606,0
23.613907618350915,58.41018278832591,0
20.3344218766512,93.9665107839237,1
11.901938052752822,77.85202566375176,0
22.600879714360644,61.569031818842404,0
27.555412082003627,75.12136435831883,1
34.93291663443231,86.5743179851558,1
25.451654159169923,97.9059004459717,1
30.44486148172632,61.02230021227095,0
6.40286539818292,94.30908860646726,0
18.462298976791594,96.71520570837451,1
0.37326479308373184,95.82102722660332,0
9.86715458086492,81.7707178430955,0
29.058468604520193,81.49103272173538,1
39.67239805397454,70.16053165919114,0
3.9671239834886363,87.6198941151894,0
16.05977263445153,76.56470091754659,1
32.00283874796638,83.87190356141473,1
8.161425385155955,71.42289519243977,0
22.20339797209145,86.57482320215695,1
29.322851841186992,91.22357588022746,1
24.639418010407162,57.32181283014081,0
7.520989384616645,91.6464857787114,0
14.215382747429576,77.01482658951537,0
31.35167137941589,92.23329545451122,1
22.169060565280667,71.56508531705073,0
0.20918454171650946,68.95202426915175,0
30.439630401123754,95.75303662586111,1
1.4124541976095628,62.55846337742007,0
29.829351309249287,92.21061626430716,1
8.099222406609496,74.2010286254702,0
38.32293920477521,75.70477212756299,1
14.71763005208338,65.4234140744742,0
13.077264653523164,78.65211003095078,0
5.955522013297787,66.26055981381057,0
12.224168619608594,51.96347071208262,0
35.06603047312802,63.5999302672178,0
39.85337350508989,50.31895217032953,0
14.732381220273933,98.91773935284283,0
17.9444252381817,98.28736049098737,1
28.882837528109484,69.75776487361526,0
35.44783121860298,86.4185427169823,1
23.721773367471364,67.29030492052125,0
15.661027927113174,83.5546578542988,1
16.50487363394495,90.27150215229895,1
27.824725859872274,97.33781223461204,1
0.12873054417114727,70.0106137924836,0
24.78357349839363,89.16489914780239,1
14.219720417654296,63.29642253160594,0
31.767893251083372,99.51661518968243,1
3.7196255929252864,51.288479938217556,0
23.52809067793562,80.17644032505605,1
19.23891559544495,82.97529908256635,1
25.693021036209096,84.40227785370644,1
2.594143779318734,56.01937893945445,0
23.19935149712525,96.92648917365652,1
22.45938351838095,59.059163952504136,0
22.426403776646836,81.13767016199205,1
24.139506663858192,61.133803956154246,0
27.058717489054487,65.36082085106355,0
32.19955998723079,77.32292708640622,1
10.792828805128574,70.85967092822882,0
33.001976407202484,58.01128004882531,0
19.930227290538145,58.546820121042416,0
3.0823311653732466,70.90723940813999,0
2.342037169759168,87.86414891377504,0
13.369532747842431,94.89823234238943,0
31.395879084458702,54.20638311296914,0
28.30723738963663,69.65519537797005,0
31.544598586896257,55.01227818614383,0
20.690762257664375,50.82962403162989,0
17.60795991821962,83.08593413219782,1
5.898101068251358,80.12247209832938,0
13.127710144372461,58.15095569074431,0
17.36077464695501,61.690641654653206,0
3.5440171871846893,51.18538768222592,0
8.82447810844845,91.74736028472019,0
23.929011762549553,98.73452980242757,1
29.426524569567594,56.77297683973454,0
39.93390045571799,61.573760688264905,0
37.32453325374231,93.4204761973467,1
25.70260798140766,96.32318989780924,1
16.84992213176288,70.98136914034052,0
25.447094588329307,52.53112361345371,0
31.42606472320928,51.96959168464097,0
4.733447636935493,78.69749330345053,0
16.39619558785153,69.64475544465895,0
33.59209142542469,51.43262137888273,0
15.35331807732176,79.16261961562785,1
22.87489084908746,50.565126829451124,0
23.510774434487928,89.36859790746365,1
7.379050125345574,65.32164113516858,0
14.489417666091535,52.012900150461604,0
13.380451549677286,79.41761104915767,0
1.0478683412825918,69.88422072165274,0
0.9676705556542098,98.69002066785748,0
33.26788174703094,77.2099331251851,1
10.922832398912497,63.76195905185041,0
20.72315064955262,85.47194323169873,1
11.949022943550922,63.57460012713557,0
37.62716980461362,95.21216457037826,1
10.37187035463095,68.73609852536882,0
17.186272509557405,77.49342813881026,1
34.909210019384076,52.52865519121144,0
33.67734267167235,71.30606189761154,0
7.444056713851093,91.61817698304975,0
32.10573239182842,90.2824402681671,1
18.327475469515704,61.215927942676316,0
19.318754883414208,61.303953550528135,0
5.339198896637751,90.86526561066184,0
3.224060550284986,96.51992100846627,0
29.117572278950608,54.768046063650175,0
19.858446094211992,72.50293197131126,0
17.474028104607182,66.87271394821144,0
29.18032914609587,93.53442277287198,1
30.62051595964439,54.176245734000936,0
6.3563267067741425,60.55629712790187,0
24.40900597910565,87.62341687932471,1
5.414163291107421,52.56469244906078,0
30.055003441161826,74.62676903571446,0
26.27820625068558,72.105351733986,0
38.26458484333832,66.72005894943743,0
2.7583206542568472,69.72861576594619,0
2.2821888460501727,76.49702934651165,0
11.287482987728005,58.06836791941916,0
